detector,descriptor,img_id,ttc_camera,ttc_lidar,offset_t,offset_p,camera_time,lidar_time
HARRIS,BRIEF,0001,nan,12.9722,nan,nan,0,43.7125
HARRIS,BRIEF,0002,nan,12.6181,nan,nan,0,41.8775
HARRIS,BRIEF,0003,17.2852,13.0901,4.19507,0.276217,0.065536,37.6177
HARRIS,BRIEF,0004,nan,10.5159,nan,nan,0,38.7318
HARRIS,BRIEF,0005,nan,11.6834,nan,nan,0.065536,43.2538
HARRIS,BRIEF,0006,13.1331,14.3362,1.20308,0.0875945,0,42.2707
HARRIS,BRIEF,0007,11.9876,23.3809,11.3932,0.644259,0.065536,39.4527
HARRIS,BRIEF,0008,10.8513,21.8421,10.9908,0.672358,0.065536,37.8143
HARRIS,BRIEF,0009,9.99693,13.7378,3.74083,0.315221,0,35.7827
HARRIS,BRIEF,0010,nan,18.0818,nan,nan,0,36.1759
HARRIS,BRIEF,0011,nan,16.5097,nan,nan,0.065536,35.6516
HARRIS,BRIEF,0012,nan,12.5438,nan,nan,0,38.7973
HARRIS,BRIEF,0013,nan,9.66153,nan,nan,0,41.0255
HARRIS,BRIEF,0014,11.4229,10.0954,1.32745,0.123379,0.065536,43.5814
HARRIS,BRIEF,0015,-inf,9.53099,inf,-nan,0,42.4018
HARRIS,BRIEF,0016,-inf,8.45407,inf,-nan,0.065536,41.6809
HARRIS,BRIEF,0017,3.16514,9.55324,6.3881,1.00455,0.065536,40.8945
HARRIS,BRIEF,0018,4.76839e-07,9.30116,9.30116,2,0,43.778
HARRIS,BRISK,0001,nan,12.9722,nan,nan,0,42.3363
HARRIS,BRISK,0002,nan,12.6181,nan,nan,0,40.5012
HARRIS,BRISK,0003,nan,13.0901,nan,nan,0.065536,36.7002
HARRIS,BRISK,0004,nan,10.5159,nan,nan,0.065536,39.2561
HARRIS,BRISK,0005,nan,11.6834,nan,nan,0.065536,42.795
HARRIS,BRISK,0006,nan,14.3362,nan,nan,0.065536,42.2707
HARRIS,BRISK,0007,nan,23.3809,nan,nan,0.065536,39.9114
HARRIS,BRISK,0008,9.7601,21.8421,12.082,0.764629,0.065536,37.8143
HARRIS,BRISK,0009,nan,13.7378,nan,nan,0.065536,35.1273
HARRIS,BRISK,0010,nan,18.0818,nan,nan,0.065536,34.5375
HARRIS,BRISK,0011,nan,16.5097,nan,nan,0,37.4866
HARRIS,BRISK,0012,nan,12.5438,nan,nan,0.065536,38.2075
HARRIS,BRISK,0013,nan,9.66153,nan,nan,0.065536,41.3532
HARRIS,BRISK,0014,nan,10.0954,nan,nan,0,43.5159
HARRIS,BRISK,0015,nan,9.53099,nan,nan,0,42.1396
HARRIS,BRISK,0016,nan,8.45407,nan,nan,0,42.1396
HARRIS,BRISK,0017,nan,9.55324,nan,nan,0,41.0911
HARRIS,BRISK,0018,nan,9.30116,nan,nan,0.065536,41.6154
HARRIS,ORB,0001,nan,12.9722,nan,nan,0.065536,42.3363
HARRIS,ORB,0002,nan,12.6181,nan,nan,0.065536,40.5012
HARRIS,ORB,0003,nan,13.0901,nan,nan,0.065536,36.6346
HARRIS,ORB,0004,nan,10.5159,nan,nan,0.065536,40.108
HARRIS,ORB,0005,12.0878,11.6834,0.404421,0.0340261,0.065536,42.8605
HARRIS,ORB,0006,14.5437,14.3362,0.207495,0.0143695,0.065536,42.8605
HARRIS,ORB,0007,12.906,23.3809,10.4748,0.577335,0,39.1905
HARRIS,ORB,0008,11.1845,21.8421,10.6576,0.645396,0.065536,38.0109
HARRIS,ORB,0009,10.8223,13.7378,2.91544,0.237413,0,35.9793
HARRIS,ORB,0010,nan,18.0818,nan,nan,0,33.9476
HARRIS,ORB,0011,nan,16.5097,nan,nan,0,36.5691
HARRIS,ORB,0012,nan,12.5438,nan,nan,0.065536,37.7487
HARRIS,ORB,0013,nan,9.66153,nan,nan,0,40.8289
HARRIS,ORB,0014,nan,10.0954,nan,nan,0.065536,43.3193
HARRIS,ORB,0015,nan,9.53099,nan,nan,0,42.9916
HARRIS,ORB,0016,nan,8.45407,nan,nan,0.065536,42.2707
HARRIS,ORB,0017,nan,9.55324,nan,nan,0.065536,40.6979
HARRIS,ORB,0018,nan,9.30116,nan,nan,0,42.1396
HARRIS,FREAK,0001,nan,12.9722,nan,nan,0,42.9916
HARRIS,FREAK,0002,nan,12.6181,nan,nan,0.065536,41.2221
HARRIS,FREAK,0003,nan,13.0901,nan,nan,0.065536,37.0934
HARRIS,FREAK,0004,nan,10.5159,nan,nan,0,39.1905
HARRIS,FREAK,0005,nan,11.6834,nan,nan,0,42.3363
HARRIS,FREAK,0006,nan,14.3362,nan,nan,0,41.943
HARRIS,FREAK,0007,nan,23.3809,nan,nan,0.065536,38.5352
HARRIS,FREAK,0008,nan,21.8421,nan,nan,0,37.4211
HARRIS,FREAK,0009,nan,13.7378,nan,nan,0,37.0934
HARRIS,FREAK,0010,nan,18.0818,nan,nan,0.065536,34.0132
HARRIS,FREAK,0011,nan,16.5097,nan,nan,0.065536,35.8482
HARRIS,FREAK,0012,nan,12.5438,nan,nan,0,39.6493
HARRIS,FREAK,0013,nan,9.66153,nan,nan,0,40.3046
HARRIS,FREAK,0014,nan,10.0954,nan,nan,0,43.7125
HARRIS,FREAK,0015,nan,9.53099,nan,nan,0,42.8605
HARRIS,FREAK,0016,nan,8.45407,nan,nan,0,42.5984
HARRIS,FREAK,0017,nan,9.55324,nan,nan,0.065536,40.3046
HARRIS,FREAK,0018,nan,9.30116,nan,nan,0,41.812
HARRIS,SIFT,0001,nan,12.9722,nan,nan,0,45.2854
HARRIS,SIFT,0002,nan,12.6181,nan,nan,0,40.8945
HARRIS,SIFT,0003,29.2773,13.0901,16.1872,0.764136,0,39.1905
HARRIS,SIFT,0004,nan,10.5159,nan,nan,0,38.4041
HARRIS,SIFT,0005,nan,11.6834,nan,nan,0.065536,42.795
HARRIS,SIFT,0006,13.2351,14.3362,1.1011,0.0798728,0.065536,41.5498
HARRIS,SIFT,0007,12.9939,23.3809,10.387,0.571108,0.065536,40.108
HARRIS,SIFT,0008,11.9793,21.8421,9.86278,0.583227,0.131072,37.5521
HARRIS,SIFT,0009,5.78075,13.7378,7.95701,0.81533,0,35.2584
HARRIS,SIFT,0010,8.20899e-12,18.0818,18.0818,2,0,34.8652
HARRIS,SIFT,0011,8.70848e-12,16.5097,16.5097,2,0,36.3069
HARRIS,SIFT,0012,1.5833e-11,12.5438,12.5438,2,0,40.2391
HARRIS,SIFT,0013,6.72802,9.66153,2.93352,0.357974,0,40.108
HARRIS,SIFT,0014,13.456,10.0954,3.36062,0.285385,0,45.3509
HARRIS,SIFT,0015,nan,9.53099,nan,nan,0,42.5984
HARRIS,SIFT,0016,nan,8.45407,nan,nan,0.131072,41.5498
HARRIS,SIFT,0017,3.64083,9.55324,5.91241,0.896222,0,40.8945
HARRIS,SIFT,0018,nan,9.30116,nan,nan,0,43.2538
FAST,BRISK,0001,13.7204,12.9722,0.748287,0.056067,0.393216,42.9916
FAST,BRISK,0002,12.2504,12.6181,0.367651,0.0295676,0.393216,40.3702
FAST,BRISK,0003,11.9618,13.0901,1.12826,0.090074,0.393216,36.3069
FAST,BRISK,0004,12.6512,10.5159,2.1353,0.184339,0.393216,38.9284
FAST,BRISK,0005,11.3214,11.6834,0.361958,0.031468,0.393216,42.2052
FAST,BRISK,0006,11.1259,14.3362,3.21028,0.252161,0.393216,41.6809
FAST,BRISK,0007,11.9611,23.3809,11.4198,0.646243,0.524288,38.4041
FAST,BRISK,0008,11.8848,21.8421,9.95726,0.590463,0.393216,37.0934
FAST,BRISK,0009,12.4575,13.7378,1.28023,0.0977451,0.393216,35.2584
FAST,BRISK,0010,12.7199,18.0818,5.3619,0.348157,0.393216,33.5544
FAST,BRISK,0011,11.564,16.5097,4.94574,0.35234,0.393216,36.7002
FAST,BRISK,0012,12.3634,12.5438,0.180463,0.0144908,0.524288,37.4866
FAST,BRISK,0013,13.0659,9.66153,3.40437,0.299582,0.65536,41.6809
FAST,BRISK,0014,12.3616,10.0954,2.2662,0.201826,0.65536,42.7295
FAST,BRISK,0015,10.7622,9.53099,1.2312,0.121341,0.524288,42.0741
FAST,BRISK,0016,10.2414,8.45407,1.78729,0.191201,0.524288,41.2877
FAST,BRISK,0017,10.1982,9.55324,0.644973,0.0653089,0.393216,39.4527
FAST,BRISK,0018,9.14589,9.30116,0.155278,0.016835,0.393216,41.812
FAST,BRIEF,0001,12.1447,12.9722,0.827418,0.0658853,1.04858,44.4334
FAST,BRIEF,0002,11.8831,12.6181,0.734998,0.0599969,1.96608,41.1566
FAST,BRIEF,0003,11.7145,13.0901,1.37556,0.110911,1.44179,36.5691
FAST,BRIEF,0004,11.898,10.5159,1.38204,0.12332,1.70394,38.6662
FAST,BRIEF,0005,11.3782,11.6834,0.305232,0.0264711,0.786432,43.1227
FAST,BRIEF,0006,11.5575,14.3362,2.77875,0.214627,0.524288,41.4188
FAST,BRIEF,0007,12.5016,23.3809,10.8793,0.606387,0.917504,39.3216
FAST,BRIEF,0008,12.2543,21.8421,9.58778,0.562392,0.917504,37.7487
FAST,BRIEF,0009,12.039,13.7378,1.69877,0.131807,0.786432,36.8312
FAST,BRIEF,0010,12.3117,18.0818,5.77001,0.379687,1.70394,33.5544
FAST,BRIEF,0011,11.7092,16.5097,4.80047,0.34023,1.17965,36.5691
FAST,BRIEF,0012,11.356,12.5438,1.18781,0.0993991,0.786432,39.977
FAST,BRIEF,0013,10.8115,9.66153,1.15001,0.112344,0.786432,42.2052
FAST,BRIEF,0014,9.65802,10.0954,0.437398,0.0442858,1.31072,45.6131
FAST,BRIEF,0015,9.40071,9.53099,0.130282,0.0137633,1.31072,41.4188
FAST,BRIEF,0016,9.62673,8.45407,1.17266,0.129713,1.44179,42.5984
FAST,BRIEF,0017,9.90531,9.55324,0.352077,0.0361874,0.786432,41.0255
FAST,BRIEF,0018,9.25865,9.30116,0.0425131,0.0045812,0.65536,41.2877
FAST,ORB,0001,12.0407,12.9722,0.931494,0.0744813,0.65536,43.1227
FAST,ORB,0002,12.3165,12.6181,0.30161,0.0241921,0.65536,40.6323
FAST,ORB,0003,11.4792,13.0901,1.6109,0.131131,0.786432,37.3555
FAST,ORB,0004,10.7685,10.5159,0.252608,0.0237364,1.04858,39.7148
FAST,ORB,0005,10.9756,11.6834,0.707841,0.0624778,0.524288,42.0741
FAST,ORB,0006,11.3937,14.3362,2.94253,0.228725,0.524288,44.4334
FAST,ORB,0007,11.9198,23.3809,11.4611,0.649343,1.04858,39.1905
FAST,ORB,0008,10.9565,21.8421,10.8856,0.663788,0.65536,37.4866
FAST,ORB,0009,12.8955,13.7378,0.842237,0.063247,0.65536,36.7002
FAST,ORB,0010,13.3262,18.0818,4.75561,0.302829,0.786432,33.8166
FAST,ORB,0011,10.5267,16.5097,5.98303,0.44259,0.917504,35.9137
FAST,ORB,0012,11.0436,12.5438,1.5002,0.127203,1.70394,38.142
FAST,ORB,0013,11.7812,9.66153,2.11963,0.197702,1.44179,41.4188
FAST,ORB,0014,11.4411,10.0954,1.34572,0.124971,1.31072,42.5984
FAST,ORB,0015,10.2565,9.53099,0.725503,0.0733295,1.04858,41.6809
FAST,ORB,0016,9.9556,8.45407,1.50153,0.163124,1.04858,40.8945
FAST,ORB,0017,9.62935,9.55324,0.0761081,0.00793513,0.65536,41.5498
FAST,ORB,0018,10.0387,9.30116,0.737542,0.0762717,0.393216,41.4188
FAST,FREAK,0001,14.1449,12.9722,1.1727,0.0864918,0.393216,42.7295
FAST,FREAK,0002,13.2981,12.6181,0.680035,0.0524794,0.393216,40.7634
FAST,FREAK,0003,13.6049,13.0901,0.514846,0.0385725,0.393216,38.0109
FAST,FREAK,0004,14.1328,10.5159,3.61683,0.293471,0.393216,37.6177
FAST,FREAK,0005,9.92793,11.6834,1.75548,0.162459,0.262144,44.0402
FAST,FREAK,0006,8.75979,14.3362,5.57643,0.482891,0.524288,42.4673
FAST,FREAK,0007,12.1259,23.3809,11.255,0.633961,0.786432,38.142
FAST,FREAK,0008,12.6351,21.8421,9.20699,0.534092,0.393216,39.4527
FAST,FREAK,0009,12.4003,13.7378,1.33744,0.102337,0.65536,36.1759
FAST,FREAK,0010,12.296,18.0818,5.78572,0.380918,0.65536,32.768
FAST,FREAK,0011,10.767,16.5097,5.74267,0.421066,0.393216,34.3409
FAST,FREAK,0012,11.2442,12.5438,1.29967,0.109271,0.524288,38.7973
FAST,FREAK,0013,11.8227,9.66153,2.16113,0.201183,0.65536,40.3702
FAST,FREAK,0014,11.5212,10.0954,1.42581,0.131918,0.393216,45.0888
FAST,FREAK,0015,10.6781,9.53099,1.14711,0.113524,0.393216,42.2052
FAST,FREAK,0016,9.45004,8.45407,0.99597,0.111256,0.393216,41.812
FAST,FREAK,0017,8.38338,9.55324,1.16986,0.130444,0.524288,39.977
FAST,FREAK,0018,9.49267,9.30116,0.19151,0.0203801,0.262144,41.812
FAST,SIFT,0001,12.003,12.9722,0.969186,0.077612,0.393216,43.778
FAST,SIFT,0002,11.0433,12.6181,1.5748,0.133111,0.524288,40.6323
FAST,SIFT,0003,11.1171,13.0901,1.97296,0.163006,1.31072,36.5691
FAST,SIFT,0004,11.4136,10.5159,0.897664,0.0818681,0.786432,38.4041
FAST,SIFT,0005,13.7133,11.6834,2.0299,0.159855,0.393216,42.4673
FAST,SIFT,0006,13.0865,14.3362,1.24971,0.091144,0.393216,41.6809
FAST,SIFT,0007,11.1104,23.3809,12.2705,0.711515,1.96608,39.0595
FAST,SIFT,0008,11.9754,21.8421,9.86673,0.583529,0.65536,37.6177
FAST,SIFT,0009,11.635,13.7378,2.10279,0.165752,0.393216,36.438
FAST,SIFT,0010,11.7071,18.0818,6.37467,0.427991,0.917504,33.6855
FAST,SIFT,0011,11.6082,16.5097,4.9015,0.348639,0.524288,35.6516
FAST,SIFT,0012,11.7036,12.5438,0.840202,0.0693023,0.393216,37.7487
FAST,SIFT,0013,12.158,9.66153,2.49648,0.22883,0.393216,40.108
FAST,SIFT,0014,12.4074,10.0954,2.31198,0.205484,0.524288,42.9916
FAST,SIFT,0015,11.9868,9.53099,2.45579,0.228257,0.393216,41.0255
FAST,SIFT,0016,11.2404,8.45407,2.78637,0.282959,0.65536,41.4188
FAST,SIFT,0017,9.86153,9.55324,0.308292,0.0317585,0.393216,39.3216
FAST,SIFT,0018,nan,9.30116,nan,nan,0.393216,42.0741
BRISK,BRISK,0001,20.6075,12.9722,7.63535,0.45476,0.393216,42.5984
BRISK,BRISK,0002,20.5164,12.6181,7.89832,0.476743,0.524288,41.812
BRISK,BRISK,0003,16.9666,13.0901,3.8765,0.257946,0.786432,36.9623
BRISK,BRISK,0004,13.9988,10.5159,3.48283,0.284142,0.393216,38.6662
BRISK,BRISK,0005,29.4255,11.6834,17.7421,0.863176,0.262144,42.4673
BRISK,BRISK,0006,31.3124,14.3362,16.9762,0.743777,0.65536,44.0402
BRISK,BRISK,0007,16.5853,23.3809,6.79558,0.340066,0.524288,38.7973
BRISK,BRISK,0008,14.0867,21.8421,7.7554,0.43171,0.524288,37.4866
BRISK,BRISK,0009,13.617,13.7378,0.120754,0.00882877,0.524288,35.3894
BRISK,BRISK,0010,13.0874,18.0818,4.99434,0.320466,0.524288,33.9476
BRISK,BRISK,0011,12.9525,16.5097,3.55719,0.241474,0.393216,35.6516
BRISK,BRISK,0012,13.2555,12.5438,0.711678,0.0551702,0.524288,39.0595
BRISK,BRISK,0013,12.1788,9.66153,2.51726,0.230514,0.65536,39.7148
BRISK,BRISK,0014,12.6581,10.0954,2.56268,0.225256,0.917504,42.2052
BRISK,BRISK,0015,11.7711,9.53099,2.24015,0.210322,0.524288,41.812
BRISK,BRISK,0016,10.0665,8.45407,1.61244,0.174124,0.524288,42.0741
BRISK,BRISK,0017,10.2549,9.55324,0.701624,0.0708422,0.524288,40.2391
BRISK,BRISK,0018,11.6927,9.30116,2.39153,0.227831,0.65536,41.2877
BRISK,BRIEF,0001,10.8227,12.9722,2.14943,0.180663,0.524288,44.1713
BRISK,BRIEF,0002,13.4926,12.6181,0.874541,0.0669871,0.786432,40.6323
BRISK,BRIEF,0003,13.3979,13.0901,0.307796,0.0232405,0.786432,36.5691
BRISK,BRIEF,0004,15.1981,10.5159,4.68216,0.364172,0.65536,39.1905
BRISK,BRIEF,0005,24.2906,11.6834,12.6072,0.700908,0.393216,41.943
BRISK,BRIEF,0006,20.2447,14.3362,5.90852,0.341721,0.65536,42.2052
BRISK,BRIEF,0007,14.0885,23.3809,9.29234,0.495996,0.917504,38.6662
BRISK,BRIEF,0008,16.2671,21.8421,5.57499,0.29258,0.524288,37.6177
BRISK,BRIEF,0009,15.2661,13.7378,1.5283,0.105386,0.524288,36.438
BRISK,BRIEF,0010,12.2715,18.0818,5.81028,0.382844,0.786432,33.6855
BRISK,BRIEF,0011,11.7214,16.5097,4.78827,0.339219,0.524288,37.2244
BRISK,BRIEF,0012,13.4713,12.5438,0.927453,0.071301,0.786432,37.7487
BRISK,BRIEF,0013,12.9327,9.66153,3.27117,0.289558,0.65536,39.8459
BRISK,BRIEF,0014,11.8672,10.0954,1.77182,0.161348,0.917504,42.8605
BRISK,BRIEF,0015,10.2527,9.53099,0.721727,0.0729617,0.917504,42.0741
BRISK,BRIEF,0016,9.98581,8.45407,1.53174,0.166133,1.17965,43.3848
BRISK,BRIEF,0017,11.3109,9.55324,1.75769,0.168489,0.65536,40.6323
BRISK,BRIEF,0018,10.4577,9.30116,1.15653,0.117064,0.524288,42.8605
BRISK,ORB,0001,11.5987,12.9722,1.3735,0.1118,0.131072,41.812
BRISK,ORB,0002,14.6261,12.6181,2.00804,0.14741,0.262144,40.7634
BRISK,ORB,0003,14.6488,13.0901,1.55873,0.112386,0.262144,36.5691
BRISK,ORB,0004,13.3929,10.5159,2.877,0.240664,0.262144,38.142
BRISK,ORB,0005,10.8728,11.6834,0.810579,0.0718718,0.131072,41.5498
BRISK,ORB,0006,16.7261,14.3362,2.38988,0.153876,0.262144,40.6323
BRISK,ORB,0007,21.6604,23.3809,1.7205,0.0763965,0.524288,37.6177
BRISK,ORB,0008,18.7082,21.8421,3.13388,0.154568,0.393216,38.4041
BRISK,ORB,0009,15.3286,13.7378,1.59085,0.109463,0.262144,35.6516
BRISK,ORB,0010,10.4794,18.0818,7.60239,0.532359,0.393216,34.0787
BRISK,ORB,0011,15.079,16.5097,1.43075,0.0905865,0.262144,37.0934
BRISK,ORB,0012,15.9429,12.5438,3.39907,0.238642,0.393216,38.4041
BRISK,ORB,0013,11.5392,9.66153,1.87766,0.177131,0.393216,40.108
BRISK,ORB,0014,11.0196,10.0954,0.924192,0.0875388,0.524288,45.0888
BRISK,ORB,0015,11.4053,9.53099,1.87427,0.179045,0.393216,42.3363
BRISK,ORB,0016,11.5659,8.45407,3.11185,0.310874,0.393216,41.2877
BRISK,ORB,0017,11.9172,9.55324,2.36392,0.220202,0.393216,39.4527
BRISK,ORB,0018,12.6824,9.30116,3.38127,0.307618,0.262144,41.812
BRISK,FREAK,0001,12.4708,12.9722,0.50135,0.0394097,0.393216,43.778
BRISK,FREAK,0002,17.4503,12.6181,4.83218,0.321413,0.524288,42.3363
BRISK,FREAK,0003,16.7267,13.0901,3.63659,0.243929,0.393216,36.0448
BRISK,FREAK,0004,11.8827,10.5159,1.36672,0.122037,0.262144,37.4866
BRISK,FREAK,0005,13.1447,11.6834,1.46127,0.117711,0.262144,42.5984
BRISK,FREAK,0006,12.4547,14.3362,1.88155,0.140462,0.393216,42.0741
BRISK,FREAK,0007,13.0134,23.3809,10.3674,0.569728,0.393216,38.5352
BRISK,FREAK,0008,13.9657,21.8421,7.8764,0.439927,0.393216,37.3555
BRISK,FREAK,0009,14.7536,13.7378,1.01583,0.0713082,0.393216,35.7827
BRISK,FREAK,0010,13.4012,18.0818,4.68052,0.297337,0.393216,34.2098
BRISK,FREAK,0011,12.7057,16.5097,3.80401,0.260411,0.393216,35.6516
BRISK,FREAK,0012,14.0859,12.5438,1.5421,0.115818,0.393216,38.142
BRISK,FREAK,0013,13.473,9.66153,3.81144,0.329503,0.393216,41.6809
BRISK,FREAK,0014,11.9778,10.0954,1.88243,0.170562,0.524288,42.9916
BRISK,FREAK,0015,11.2486,9.53099,1.71761,0.165317,0.393216,42.7295
BRISK,FREAK,0016,11.4606,8.45407,3.00656,0.301944,0.393216,41.6809
BRISK,FREAK,0017,10.2571,9.55324,0.703815,0.0710555,0.393216,40.3702
BRISK,FREAK,0018,12.1527,9.30116,2.85154,0.26583,0.393216,41.812
BRISK,SIFT,0001,11.4982,12.9722,1.47397,0.12047,0.393216,42.8605
BRISK,SIFT,0002,15.2793,12.6181,2.66125,0.190788,0.524288,42.0741
BRISK,SIFT,0003,15.9301,13.0901,2.83999,0.195725,0.786432,36.9623
BRISK,SIFT,0004,13.256,10.5159,2.74011,0.230533,0.393216,38.0109
BRISK,SIFT,0005,19.7567,11.6834,8.07327,0.513566,0.393216,42.9916
BRISK,SIFT,0006,23.1685,14.3362,8.83224,0.470994,0.524288,42.0741
BRISK,SIFT,0007,16.3623,23.3809,7.01858,0.353196,0.524288,40.108
BRISK,SIFT,0008,11.648,21.8421,10.1941,0.608784,0.393216,36.5691
BRISK,SIFT,0009,12.5142,13.7378,1.22352,0.0932138,0.393216,35.5205
BRISK,SIFT,0010,12.2954,18.0818,5.78638,0.38097,0.524288,34.0787
BRISK,SIFT,0011,11.4045,16.5097,5.10519,0.365777,0.524288,35.2584
BRISK,SIFT,0012,12.0135,12.5438,0.530378,0.0431951,0.786432,39.8459
BRISK,SIFT,0013,11.1171,9.66153,1.45556,0.140102,0.786432,40.8945
BRISK,SIFT,0014,10.8821,10.0954,0.786676,0.0750018,1.17965,43.3848
BRISK,SIFT,0015,10.8996,9.53099,1.36864,0.133979,0.917504,41.2877
BRISK,SIFT,0016,10.7959,8.45407,2.34185,0.243309,0.524288,42.4673
BRISK,SIFT,0017,10.7949,9.55324,1.2417,0.122046,0.524288,40.5012
BRISK,SIFT,0018,11.5601,9.30116,2.25896,0.21657,0.65536,41.2877
ORB,BRISK,0001,10.3692,12.9722,2.60297,0.223035,0.131072,42.5984
ORB,BRISK,0002,18.8691,12.6181,6.25103,0.397052,0.131072,42.3363
ORB,BRISK,0003,19.4731,13.0901,6.38303,0.392039,0.393216,36.5691
ORB,BRISK,0004,13.9934,10.5159,3.47743,0.283765,0.262144,38.5352
ORB,BRISK,0005,-inf,11.6834,inf,-nan,0.262144,42.7295
ORB,BRISK,0006,-inf,14.3362,inf,-nan,0.262144,41.5498
ORB,BRISK,0007,9.49823,23.3809,13.8826,0.844466,0.262144,39.5837
ORB,BRISK,0008,9.81323,21.8421,12.0289,0.75999,0.131072,37.6177
ORB,BRISK,0009,10.453,13.7378,3.28477,0.271572,0.131072,36.7002
ORB,BRISK,0010,10.5868,18.0818,7.49492,0.522866,0.131072,34.2098
ORB,BRISK,0011,9.09218,16.5097,7.41754,0.579452,0.262144,36.5691
ORB,BRISK,0012,-inf,12.5438,inf,-nan,0.262144,38.4041
ORB,BRISK,0013,-inf,9.66153,inf,-nan,0.393216,39.5837
ORB,BRISK,0014,9.81946,10.0954,0.275955,0.0277135,0.262144,42.9916
ORB,BRISK,0015,16.1076,9.53099,6.57658,0.513022,0.262144,42.0741
ORB,BRISK,0016,19.0654,8.45407,10.6113,0.771186,0.393216,42.3363
ORB,BRISK,0017,15.2182,9.55324,5.66499,0.45738,0.262144,40.8945
ORB,BRISK,0018,32.1913,9.30116,22.8901,1.10334,0.262144,42.4673
ORB,BRIEF,0001,12.6465,12.9722,0.325702,0.025427,0.131072,42.5984
ORB,BRIEF,0002,9.52789,12.6181,3.0902,0.279076,0.131072,41.6809
ORB,BRIEF,0003,7.8922,13.0901,5.19788,0.495454,0.131072,36.9623
ORB,BRIEF,0004,13.5904,10.5159,3.07448,0.255077,0.262144,39.5837
ORB,BRIEF,0005,17.7514,11.6834,6.06801,0.412302,0.393216,42.0741
ORB,BRIEF,0006,18.5476,14.3362,4.21137,0.256137,0.262144,42.4673
ORB,BRIEF,0007,24.0799,23.3809,0.699053,0.0294581,0.786432,39.977
ORB,BRIEF,0008,28.9139,21.8421,7.07178,0.278658,0.262144,37.6177
ORB,BRIEF,0009,36.0799,13.7378,22.3421,0.896956,0.262144,35.7827
ORB,BRIEF,0010,34.3407,18.0818,16.259,0.620305,0.524288,34.2098
ORB,BRIEF,0011,17.781,16.5097,1.27125,0.0741454,0.131072,35.3894
ORB,BRIEF,0012,15.6744,12.5438,3.13061,0.221885,0.262144,38.5352
ORB,BRIEF,0013,16.6491,9.66153,6.9876,0.531161,0.262144,41.2877
ORB,BRIEF,0014,10.0669,10.0954,0.0284668,0.00282376,0.131072,42.7295
ORB,BRIEF,0015,10.2404,9.53099,0.70938,0.0717583,0.131072,42.2052
ORB,BRIEF,0016,11.5027,8.45407,3.04863,0.305524,0.262144,42.0741
ORB,BRIEF,0017,9.08417,9.55324,0.469063,0.0503356,0.131072,40.2391
ORB,BRIEF,0018,14.7559,9.30116,5.45475,0.453484,0.131072,43.647
ORB,ORB,0001,-inf,12.9722,inf,-nan,0.131072,42.7295
ORB,ORB,0002,-inf,12.6181,inf,-nan,0.131072,39.5837
ORB,ORB,0003,10.9017,13.0901,2.18839,0.182428,0.131072,37.7487
ORB,ORB,0004,15.9967,10.5159,5.48073,0.413444,0.131072,38.5352
ORB,ORB,0005,18.722,11.6834,7.03864,0.462985,0.131072,42.5984
ORB,ORB,0006,-inf,14.3362,inf,-nan,0.131072,40.6323
ORB,ORB,0007,-inf,23.3809,inf,-nan,0.131072,40.5012
ORB,ORB,0008,-inf,21.8421,inf,-nan,0.131072,37.0934
ORB,ORB,0009,-inf,13.7378,inf,-nan,0.262144,34.603
ORB,ORB,0010,-inf,18.0818,inf,-nan,0.131072,34.2098
ORB,ORB,0011,-inf,16.5097,inf,-nan,0,36.3069
ORB,ORB,0012,-inf,12.5438,inf,-nan,0.131072,39.3216
ORB,ORB,0013,-inf,9.66153,inf,-nan,0.131072,38.9284
ORB,ORB,0014,19.3127,10.0954,9.21729,0.626853,0.131072,42.8605
ORB,ORB,0015,-inf,9.53099,inf,-nan,0.131072,41.6809
ORB,ORB,0016,-inf,8.45407,inf,-nan,0.131072,41.943
ORB,ORB,0017,11.3794,9.55324,1.82618,0.174482,0.262144,39.977
ORB,ORB,0018,14.5067,9.30116,5.20554,0.437296,0.131072,41.943
ORB,FREAK,0001,10.4168,12.9722,2.55535,0.218509,0,42.0741
ORB,FREAK,0002,10.5662,12.6181,2.05192,0.177009,0.131072,40.5012
ORB,FREAK,0003,10.9118,13.0901,2.17833,0.181514,0.131072,36.5691
ORB,FREAK,0004,17.3751,10.5159,6.85914,0.491854,0.131072,37.4866
ORB,FREAK,0005,197.632,11.6834,185.949,1.77673,0.131072,41.5498
ORB,FREAK,0006,190.987,14.3362,176.65,1.72071,0.262144,41.0255
ORB,FREAK,0007,13.1559,23.3809,10.2249,0.559706,0.131072,38.142
ORB,FREAK,0008,12.4408,21.8421,9.40129,0.548454,0.131072,37.2244
ORB,FREAK,0009,-inf,13.7378,inf,-nan,0.131072,36.3069
ORB,FREAK,0010,-inf,18.0818,inf,-nan,0.131072,34.7341
ORB,FREAK,0011,-inf,16.5097,inf,-nan,0.131072,36.9623
ORB,FREAK,0012,9.701,12.5438,2.84284,0.255596,0.131072,39.1905
ORB,FREAK,0013,8.34225,9.66153,1.31928,0.146556,0,39.5837
ORB,FREAK,0014,8.12512,10.0954,1.97029,0.216272,0.131072,44.4334
ORB,FREAK,0015,9.94579,9.53099,0.414802,0.0425945,0.131072,41.943
ORB,FREAK,0016,9.24841,8.45407,0.794343,0.0897436,0.131072,40.3702
ORB,FREAK,0017,7.13839,9.55324,2.41485,0.289349,0.131072,39.4527
ORB,FREAK,0018,9.58504,9.30116,0.283875,0.0300616,0,41.0255
ORB,SIFT,0001,-0.315996,12.9722,13.2882,2.09987,0.65536,42.4673
ORB,SIFT,0002,6.23233,12.6181,6.38576,0.677519,0.393216,41.4188
ORB,SIFT,0003,12.4382,13.0901,0.651895,0.0510724,0.393216,35.6516
ORB,SIFT,0004,24.6851,10.5159,14.1692,0.805042,0.262144,39.0595
ORB,SIFT,0005,17.543,11.6834,5.85958,0.400978,0.786432,43.2538
ORB,SIFT,0006,-inf,14.3362,inf,-nan,0.393216,41.6809
ORB,SIFT,0007,-inf,23.3809,inf,-nan,0.393216,40.108
ORB,SIFT,0008,-inf,21.8421,inf,-nan,0.262144,37.0934
ORB,SIFT,0009,20.5263,13.7378,6.78857,0.39625,0.262144,35.7827
ORB,SIFT,0010,21.6843,18.0818,3.6025,0.181185,0.262144,34.2098
ORB,SIFT,0011,10.5914,16.5097,5.91829,0.436756,0.131072,35.3894
ORB,SIFT,0012,-inf,12.5438,inf,-nan,0.262144,39.3216
ORB,SIFT,0013,-inf,9.66153,inf,-nan,0.786432,41.5498
ORB,SIFT,0014,6.60804,10.0954,3.48738,0.417563,0.262144,43.2538
ORB,SIFT,0015,-inf,9.53099,inf,-nan,0.131072,42.9916
ORB,SIFT,0016,-inf,8.45407,inf,-nan,0.393216,42.0741
ORB,SIFT,0017,9.33617,9.55324,0.217069,0.0229831,0.262144,40.8945
ORB,SIFT,0018,14.6926,9.30116,5.39146,0.449405,0.131072,41.2877
AKAZE,AKAZE,0001,11.7072,12.9722,1.26494,0.10251,0.65536,44.8266
AKAZE,AKAZE,0002,12.6612,12.6181,0.0431363,0.00341277,1.04858,41.5498
AKAZE,AKAZE,0003,13.4772,13.0901,0.387095,0.0291408,1.04858,37.3555
AKAZE,AKAZE,0004,13.5647,10.5159,3.04879,0.253215,0.917504,38.273
AKAZE,AKAZE,0005,14.423,11.6834,2.73962,0.209881,0.65536,43.3848
AKAZE,AKAZE,0006,15.2022,14.3362,0.865951,0.0586323,0.917504,41.6809
AKAZE,AKAZE,0007,15.6447,23.3809,7.73615,0.396465,1.04858,39.8459
AKAZE,AKAZE,0008,15.0088,21.8421,6.83326,0.37086,1.04858,38.5352
AKAZE,AKAZE,0009,14.3563,13.7378,0.618504,0.044031,1.04858,36.1759
AKAZE,AKAZE,0010,13.1677,18.0818,4.91401,0.314502,1.70394,34.3409
AKAZE,AKAZE,0011,12.6198,16.5097,3.88995,0.26708,0.786432,34.2098
AKAZE,AKAZE,0012,12.2642,12.5438,0.279614,0.0225422,1.44179,38.142
AKAZE,AKAZE,0013,11.0915,9.66153,1.42995,0.137807,1.83501,41.2877
AKAZE,AKAZE,0014,11.9443,10.0954,1.8489,0.167779,1.04858,44.0402
AKAZE,AKAZE,0015,11.3816,9.53099,1.8506,0.176985,1.31072,41.4188
AKAZE,AKAZE,0016,9.93624,8.45407,1.48217,0.16119,1.31072,42.3363
AKAZE,AKAZE,0017,9.84661,9.55324,0.293377,0.0302453,0.917504,39.977
AKAZE,AKAZE,0018,9.60984,9.30116,0.308673,0.0326448,0.65536,41.812
SIFT,BRISK,0001,13.6288,12.9722,0.656625,0.0493686,0.262144,41.5498
SIFT,BRISK,0002,12.3706,12.6181,0.247518,0.0198104,0.262144,41.5498
SIFT,BRISK,0003,12.2843,13.0901,0.805772,0.0635106,0.393216,36.438
SIFT,BRISK,0004,14.7962,10.5159,4.28028,0.3382,0.262144,38.0109
SIFT,BRISK,0005,15.7031,11.6834,4.01969,0.293553,0.393216,42.2052
SIFT,BRISK,0006,13.3192,14.3362,1.01706,0.0735524,0.524288,43.778
SIFT,BRISK,0007,13.748,23.3809,9.63288,0.518889,0.786432,39.3216
SIFT,BRISK,0008,15.2454,21.8421,6.5967,0.355737,0.524288,38.0109
SIFT,BRISK,0009,13.2262,13.7378,0.511584,0.0379458,0.65536,36.7002
SIFT,BRISK,0010,11.6377,18.0818,6.44407,0.433661,0.524288,34.9962
SIFT,BRISK,0011,11.3944,16.5097,5.11529,0.366633,0.393216,35.2584
SIFT,BRISK,0012,11.5468,12.5438,0.996999,0.0827706,0.262144,38.4041
SIFT,BRISK,0013,10.6161,9.66153,0.954615,0.0941542,0.524288,40.3702
SIFT,BRISK,0014,9.53198,10.0954,0.563436,0.0574132,0.262144,44.1713
SIFT,BRISK,0015,9.28341,9.53099,0.247585,0.0263187,0.262144,41.943
SIFT,BRISK,0016,9.57252,8.45407,1.11845,0.124089,0.262144,42.2052
SIFT,BRISK,0017,8.82468,9.55324,0.728557,0.0792861,0.262144,41.4188
SIFT,BRISK,0018,8.111,9.30116,1.19017,0.136705,0.262144,40.8945
SIFT,BRIEF,0001,10.2255,12.9722,2.74664,0.236803,0.524288,43.3848
SIFT,BRIEF,0002,11.8637,12.6181,0.754375,0.0616273,0.65536,42.3363
SIFT,BRIEF,0003,13.0615,13.0901,0.0285407,0.00218271,0.917504,36.7002
SIFT,BRIEF,0004,15.1965,10.5159,4.68053,0.364068,0.786432,38.142
SIFT,BRIEF,0005,15.4894,11.6834,3.80597,0.280131,0.393216,42.4673
SIFT,BRIEF,0006,12.4755,14.3362,1.86067,0.138795,0.917504,41.943
SIFT,BRIEF,0007,12.6901,23.3809,10.6908,0.592765,1.04858,39.977
SIFT,BRIEF,0008,15.1909,21.8421,6.65117,0.359202,1.04858,38.0109
SIFT,BRIEF,0009,15.0035,13.7378,1.26572,0.0880769,1.04858,37.6177
SIFT,BRIEF,0010,12.6799,18.0818,5.40182,0.351205,0.524288,34.3409
SIFT,BRIEF,0011,11.564,16.5097,4.9457,0.352336,0.524288,35.2584
SIFT,BRIEF,0012,10.7863,12.5438,1.75753,0.150666,1.04858,39.1905
SIFT,BRIEF,0013,9.66252,9.66153,0.000984347,0.000101878,0.917504,40.2391
SIFT,BRIEF,0014,9.71333,10.0954,0.382089,0.0385779,0.262144,43.2538
SIFT,BRIEF,0015,9.54749,9.53099,0.0165041,0.00173013,0.917504,41.2877
SIFT,BRIEF,0016,8.74572,8.45407,0.291647,0.0339129,0.65536,41.2877
SIFT,BRIEF,0017,8.47446,9.55324,1.07878,0.11968,0.131072,40.3702
SIFT,BRIEF,0018,7.65429,9.30116,1.64688,0.194259,0.524288,42.0741
SIFT,FREAK,0001,12.9076,12.9722,0.0645343,0.00498724,0.131072,42.5984
SIFT,FREAK,0002,14.0563,12.6181,1.43817,0.107832,0.262144,41.0255
SIFT,FREAK,0003,13.8268,13.0901,0.736674,0.054737,0.262144,37.3555
SIFT,FREAK,0004,14.2187,10.5159,3.7028,0.299402,0.131072,39.8459
SIFT,FREAK,0005,13.9226,11.6834,2.23917,0.174894,0.131072,42.3363
SIFT,FREAK,0006,11.5036,14.3362,2.83263,0.219246,0.131072,43.647
SIFT,FREAK,0007,12.8056,23.3809,10.5753,0.584489,0.524288,39.3216
SIFT,FREAK,0008,13.7737,21.8421,8.06837,0.453078,0.524288,38.0109
SIFT,FREAK,0009,13.0264,13.7378,0.711375,0.0531588,0.262144,35.7827
SIFT,FREAK,0010,12.1387,18.0818,5.94309,0.393316,0.262144,34.4719
SIFT,FREAK,0011,12.0531,16.5097,4.45663,0.312058,0.131072,34.7341
SIFT,FREAK,0012,11.6311,12.5438,0.912737,0.075511,0.262144,38.4041
SIFT,FREAK,0013,10.6046,9.66153,0.943109,0.0930722,0.131072,41.5498
SIFT,FREAK,0014,11.2197,10.0954,1.12426,0.10549,0.262144,43.3848
SIFT,FREAK,0015,10.8913,9.53099,1.36029,0.133217,0.262144,41.2877
SIFT,FREAK,0016,9.17817,8.45407,0.724095,0.082133,0.262144,42.9916
SIFT,FREAK,0017,7.8329,9.55324,1.72034,0.197897,0.131072,42.2052
SIFT,FREAK,0018,7.87361,9.30116,1.42756,0.166239,0.262144,42.8605
SIFT,SIFT,0001,10.1139,12.9722,2.85822,0.247614,0.262144,42.9916
SIFT,SIFT,0002,11.9002,12.6181,0.717855,0.0585566,0.65536,40.5012
SIFT,SIFT,0003,13.2586,13.0901,0.168481,0.0127886,0.65536,36.438
SIFT,SIFT,0004,13.7558,10.5159,3.23984,0.266965,0.393216,38.142
SIFT,SIFT,0005,13.4853,11.6834,1.80191,0.143186,0.524288,43.1227
SIFT,SIFT,0006,11.7933,14.3362,2.54294,0.194642,0.524288,42.0741
SIFT,SIFT,0007,12.6087,23.3809,10.7722,0.598627,0.65536,39.3216
SIFT,SIFT,0008,14.3821,21.8421,7.45998,0.411878,1.04858,37.3555
SIFT,SIFT,0009,13.4632,13.7378,0.274568,0.0201881,0.65536,38.4041
SIFT,SIFT,0010,11.3559,18.0818,6.72589,0.456959,0.524288,34.0787
SIFT,SIFT,0011,10.512,16.5097,5.99772,0.443918,0.262144,35.7827
SIFT,SIFT,0012,10.3097,12.5438,2.23416,0.19552,0.524288,39.7148
SIFT,SIFT,0013,9.80115,9.66153,0.139614,0.0143469,0.393216,41.943
SIFT,SIFT,0014,9.96914,10.0954,0.126274,0.0125868,0.524288,43.778
SIFT,SIFT,0015,10.1103,9.53099,0.57928,0.058986,0.393216,43.1227
SIFT,SIFT,0016,9.14353,8.45407,0.689458,0.0783582,0.393216,41.943
SIFT,SIFT,0017,8.45426,9.55324,1.09897,0.122057,0.262144,42.3363
SIFT,SIFT,0018,8.33876,9.30116,0.962408,0.109117,0.262144,41.2877
SHITOMASI,BRISK,0001,14.0745,12.9722,1.10237,0.0815164,0.131072,42.5984
SHITOMASI,BRISK,0002,14.9088,12.6181,2.29068,0.166432,0.262144,41.1566
SHITOMASI,BRISK,0003,13.2128,13.0901,0.122705,0.00933015,0.131072,37.4866
SHITOMASI,BRISK,0004,11.7173,10.5159,1.20139,0.108071,0.131072,38.0109
SHITOMASI,BRISK,0005,12.6393,11.6834,0.955897,0.0786012,0.131072,41.812
SHITOMASI,BRISK,0006,12.5639,14.3362,1.77236,0.131774,0.131072,41.812
SHITOMASI,BRISK,0007,12.6312,23.3809,10.7497,0.597007,0.262144,38.6662
SHITOMASI,BRISK,0008,11.1769,21.8421,10.6652,0.646002,0.131072,37.6177
SHITOMASI,BRISK,0009,9.69268,13.7378,4.04507,0.345284,0.262144,35.9137
SHITOMASI,BRISK,0010,10.5748,18.0818,7.50697,0.523927,0.131072,34.3409
SHITOMASI,BRISK,0011,11.8145,16.5097,4.69519,0.331532,0.131072,34.4719
SHITOMASI,BRISK,0012,11.5779,12.5438,0.96595,0.0800897,0.131072,39.5837
SHITOMASI,BRISK,0013,12.5901,9.66153,2.92858,0.263223,0.262144,40.2391
SHITOMASI,BRISK,0014,14.3033,10.0954,4.20787,0.344926,0.131072,44.0402
SHITOMASI,BRISK,0015,12.7543,9.53099,3.22326,0.289273,0.262144,41.812
SHITOMASI,BRISK,0016,9.00782,8.45407,0.553746,0.0634234,0.262144,42.2052
SHITOMASI,BRISK,0017,8.1645,9.55324,1.38874,0.156762,0.131072,40.8945
SHITOMASI,BRISK,0018,10.63,9.30116,1.32882,0.133341,0.131072,41.812
SHITOMASI,BRIEF,0001,12.8498,12.9722,0.122353,0.00947664,0.262144,42.3363
SHITOMASI,BRIEF,0002,12.747,12.6181,0.128897,0.0101633,0.393216,40.6323
SHITOMASI,BRIEF,0003,11.6004,13.0901,1.48967,0.120667,0.393216,37.7487
SHITOMASI,BRIEF,0004,11.409,10.5159,0.893056,0.081465,0.393216,37.3555
SHITOMASI,BRIEF,0005,11.8444,11.6834,0.161035,0.0136889,0.524288,42.4673
SHITOMASI,BRIEF,0006,12.1356,14.3362,2.20064,0.166263,0.262144,41.6809
SHITOMASI,BRIEF,0007,12.7864,23.3809,10.5944,0.585857,0.262144,38.5352
SHITOMASI,BRIEF,0008,11.9523,21.8421,9.88979,0.585292,0.262144,37.4866
SHITOMASI,BRIEF,0009,10.9442,13.7378,2.79354,0.226362,0.262144,34.8652
SHITOMASI,BRIEF,0010,11.0697,18.0818,7.01211,0.481082,0.393216,34.0787
SHITOMASI,BRIEF,0011,11.5362,16.5097,4.97348,0.354666,0.393216,35.7827
SHITOMASI,BRIEF,0012,10.3392,12.5438,2.20462,0.192685,0.262144,39.0595
SHITOMASI,BRIEF,0013,10.7266,9.66153,1.06507,0.104479,0.262144,40.3702
SHITOMASI,BRIEF,0014,11.3914,10.0954,1.29601,0.120633,0.393216,42.9916
SHITOMASI,BRIEF,0015,10.6888,9.53099,1.15778,0.114519,0.393216,42.3363
SHITOMASI,BRIEF,0016,10.6631,8.45407,2.20905,0.231106,0.393216,41.2877
SHITOMASI,BRIEF,0017,10.7711,9.55324,1.21784,0.119841,0.131072,40.7634
SHITOMASI,BRIEF,0018,10.6231,9.30116,1.32193,0.132696,0.262144,41.5498
SHITOMASI,ORB,0001,10.2033,12.9722,2.76881,0.238943,0.131072,44.3023
SHITOMASI,ORB,0002,11.3111,12.6181,1.30703,0.109242,0.131072,41.4188
SHITOMASI,ORB,0003,11.5446,13.0901,1.54546,0.12547,0.131072,38.5352
SHITOMASI,ORB,0004,11.6526,10.5159,1.13663,0.102545,0.262144,38.6662
SHITOMASI,ORB,0005,12.3946,11.6834,0.711211,0.0590755,0.131072,42.9916
SHITOMASI,ORB,0006,13.0121,14.3362,1.3241,0.0968324,0.262144,41.812
SHITOMASI,ORB,0007,13.4766,23.3809,9.90427,0.537436,0.262144,39.1905
SHITOMASI,ORB,0008,12.7954,21.8421,9.04672,0.522366,0.131072,36.9623
SHITOMASI,ORB,0009,11.6407,13.7378,2.09701,0.165259,0.262144,34.9962
SHITOMASI,ORB,0010,11.9262,18.0818,6.15553,0.41026,0.262144,32.768
SHITOMASI,ORB,0011,12.134,16.5097,4.37571,0.305527,0.262144,36.438
SHITOMASI,ORB,0012,10.5839,12.5438,1.95994,0.169489,0.131072,39.1905
SHITOMASI,ORB,0013,10.8152,9.66153,1.15363,0.112678,0.262144,39.7148
SHITOMASI,ORB,0014,11.5377,10.0954,1.44233,0.133344,0.262144,44.1713
SHITOMASI,ORB,0015,15.2765,9.53099,5.74547,0.463205,0.262144,41.1566
SHITOMASI,ORB,0016,15.6037,8.45407,7.14968,0.594374,0.262144,42.0741
SHITOMASI,ORB,0017,13.2598,9.55324,3.7066,0.324954,0.131072,40.6323
SHITOMASI,ORB,0018,12.4019,9.30116,3.10078,0.285745,0.131072,42.9916
SHITOMASI,FREAK,0001,13.5673,12.9722,0.59513,0.0448487,0.262144,42.3363
SHITOMASI,FREAK,0002,11.9777,12.6181,0.64039,0.0520731,0.262144,41.812
SHITOMASI,FREAK,0003,12.3524,13.0901,0.737648,0.0579855,0.131072,36.8312
SHITOMASI,FREAK,0004,14.0087,10.5159,3.49281,0.284841,0.131072,38.5352
SHITOMASI,FREAK,0005,13.1179,11.6834,1.43446,0.115676,0.262144,44.9577
SHITOMASI,FREAK,0006,12.548,14.3362,1.78821,0.13303,0.131072,42.2052
SHITOMASI,FREAK,0007,12.777,23.3809,10.6039,0.586536,0.131072,40.108
SHITOMASI,FREAK,0008,14.1137,21.8421,7.72839,0.429883,0.131072,37.6177
SHITOMASI,FREAK,0009,13.7319,13.7378,0.00580803,0.000422868,0.262144,37.3555
SHITOMASI,FREAK,0010,12.296,18.0818,5.78578,0.380922,0.131072,34.0787
SHITOMASI,FREAK,0011,12.3959,16.5097,4.11382,0.284638,0.131072,34.603
SHITOMASI,FREAK,0012,11.4624,12.5438,1.08141,0.0900942,0.262144,39.8459
SHITOMASI,FREAK,0013,11.9963,9.66153,2.33477,0.215605,0.262144,40.3702
SHITOMASI,FREAK,0014,12.3272,10.0954,2.23177,0.199065,0.262144,45.2198
SHITOMASI,FREAK,0015,8.90504,9.53099,0.62595,0.0679051,0.131072,42.0741
SHITOMASI,FREAK,0016,6.78489,8.45407,1.66918,0.219067,0.131072,42.0741
SHITOMASI,FREAK,0017,9.07439,9.55324,0.478847,0.0514126,0.131072,42.0741
SHITOMASI,FREAK,0018,10.7471,9.30116,1.4459,0.144242,0.131072,41.6809
SHITOMASI,SIFT,0001,14.3797,12.9722,1.40749,0.102918,0.131072,42.8605
SHITOMASI,SIFT,0002,12.1117,12.6181,0.506356,0.040951,0.131072,40.8945
SHITOMASI,SIFT,0003,10.9719,13.0901,2.11817,0.176059,0.262144,38.0109
SHITOMASI,SIFT,0004,12.249,10.5159,1.73306,0.152257,0.131072,38.6662
SHITOMASI,SIFT,0005,12.1352,11.6834,0.451787,0.0379357,0.393216,42.7295
SHITOMASI,SIFT,0006,-inf,14.3362,inf,-nan,0.131072,42.9916
SHITOMASI,SIFT,0007,-inf,23.3809,inf,-nan,0.262144,37.8798
SHITOMASI,SIFT,0008,12.0053,21.8421,9.83684,0.581247,0.131072,37.3555
SHITOMASI,SIFT,0009,11.2831,13.7378,2.45461,0.196205,0.262144,36.0448
SHITOMASI,SIFT,0010,11.7246,18.0818,6.35717,0.426565,0.524288,33.8166
SHITOMASI,SIFT,0011,12.1702,16.5097,4.33954,0.302619,0.262144,36.1759
SHITOMASI,SIFT,0012,11.2536,12.5438,1.29027,0.108438,0.262144,37.8798
SHITOMASI,SIFT,0013,10.324,9.66153,0.662439,0.0662919,0.262144,40.2391
SHITOMASI,SIFT,0014,11.1467,10.0954,1.05129,0.0989812,0.262144,45.482
SHITOMASI,SIFT,0015,12.1411,9.53099,2.61009,0.240872,0.131072,40.8945
SHITOMASI,SIFT,0016,11.9507,8.45407,3.49665,0.342728,0.262144,42.8605
SHITOMASI,SIFT,0017,10.8307,9.55324,1.27746,0.12534,0.262144,39.8459
SHITOMASI,SIFT,0018,9.95001,9.30116,0.648846,0.0674084,0.131072,41.1566
